{"1L": [0.849, 0.58, 0.47, 0.4, 0.35, 0.31, 0.2813691258713176, 0.24726377728085486, 0.21315842869039214, 0.1875794172475451, 0.16200040580469804, 0.1406845629356588, 0.12789505721423527, 0.11510555149281176, 0.10231604577138823, 0.09378970862377255, 0.0895265400499647, 0.08696863890567999, 0.08355810404663372, 0.08100020290234902, 0.07844230175806431, 0.07673703432854116, 0.07503176689901803, 0.07417913318425647, 0.07345924650761763, 0.07309915216199214, 0.0712986804338642, 0.06553717090385511, 0.06553717090385511, 0.06553717090385511, 0.06553717090385511, 0.06553717090385511, 0.06553717090385511, 0.06553717090385511, 0.06553717090385511, 0.06553717090385511, 0.06553717090385511, 0.06553717090385511, 0.06553717090385511, 0.06553717090385511, 0.06553717090385511, 0.06553717090385511, 0.06553717090385511, 0.06553717090385511, 0.06553717090385512, 0.06376430908654593, 0.06199144726923674, 0.060218585451927556], "2L": [0.866, 0.7393472628618268, 0.652365231936906, 0.5653832010119852, 0.49579757627204857, 0.4436083577170961, 0.39141913916214366, 0.35662632679217526, 0.3131353113297149, 0.2870407020522387, 0.26964429586725447, 0.2609460927747624, 0.2522478896822703, 0.24354968658977827, 0.23050238195104014, 0.21745507731230201, 0.20875687421980993, 0.20005867112731787, 0.1913604680348258, 0.18266226494233367, 0.17396406184984162, 0.16429939174707262, 0.15946705669568817, 0.15946705669568817, 0.15946705669568817, 0.15946705669568817, 0.15946705669568817, 0.15946705669568817, 0.15946705669568817, 0.1580173561802728, 0.15463472164430367, 0.14980238659291917, 0.14835268607750382, 0.14690298556208847, 0.14497005154153467, 0.14303711752098086, 0.14013771649015017, 0.13723831545931947, 0.1353053814387657, 0.1304730463873812, 0.1285401123668274, 0.12757364535655052, 0.12564071133599672, 0.12274131030516602, 0.12080837628461223, 0.11694250824350465, 0.11307664020239705, 0.11017723917156637], "3L": [0.866, 0.7393472628618268, 0.652365231936906, 0.5653832010119852, 0.49579757627204857, 0.4436083577170961, 0.39141913916214366, 0.35662632679217526, 0.3131353113297149, 0.2870407020522387, 0.26964429586725447, 0.2609460927747624, 0.2522478896822703, 0.24354968658977827, 0.23050238195104014, 0.21745507731230201, 0.20875687421980993, 0.20005867112731787, 0.1913604680348258, 0.18266226494233367, 0.17396406184984162, 0.16429939174707262, 0.15946705669568817, 0.15946705669568817, 0.15946705669568817, 0.15946705669568817, 0.15946705669568817, 0.15946705669568817, 0.15946705669568817, 0.1580173561802728, 0.15463472164430367, 0.14980238659291917, 0.14835268607750382, 0.14690298556208847, 0.14497005154153467, 0.14303711752098086, 0.14013771649015017, 0.13723831545931947, 0.1353053814387657, 0.1304730463873812, 0.1285401123668274, 0.12757364535655052, 0.12564071133599672, 0.12274131030516602, 0.12080837628461223, 0.11694250824350465, 0.11307664020239705, 0.11017723917156637]}